-- Member 데이터 삽입
INSERT INTO member (member_id, email, password, nickname, phone_num, prefer_local, birth, role, is_deleted, created_at,
                    updated_at)
VALUES (X'123E4567E89B12D3A456426614174001', 'user1@example.com', 'password1', 'nickname1', '01012345678', 'Seoul',
        '1990-01-01', 'MEMBER', FALSE, CURRENT_TIMESTAMP, CURRENT_TIMESTAMP),
       (X'223E4567E89B12D3A456426614174002', 'user2@example.com', 'password2', 'nickname2', '01023456789', 'Busan',
        '1992-02-02', 'ADMIN', FALSE, CURRENT_TIMESTAMP, CURRENT_TIMESTAMP),
       (X'323E4567E89B12D3A456426614174003', 'user3@example.com', 'password3', 'nickname3', '01034567890', 'Incheon',
        '1994-03-03', 'MEMBER', TRUE, CURRENT_TIMESTAMP, CURRENT_TIMESTAMP);

-- Pub 데이터 삽입
INSERT INTO pub (pub_id, member_id, name, address, description, phone_num, is_deleted, created_at, updated_at)
VALUES (X'423E4567E89B12D3A456426614174004', X'123E4567E89B12D3A456426614174001', 'Pub1', '123 Main St', 'A nice pub',
        '01012345678', FALSE, CURRENT_TIMESTAMP, CURRENT_TIMESTAMP),
       (X'523E4567E89B12D3A456426614174005', X'223E4567E89B12D3A456426614174002', 'Pub2', '456 Side St', 'A cozy pub',
        '01023456789', FALSE, CURRENT_TIMESTAMP, CURRENT_TIMESTAMP),
       (X'623E4567E89B12D3A456426614174006', X'323E4567E89B12D3A456426614174003', 'Pub3', '789 High St', 'A trendy pub',
        '01034567890', TRUE, CURRENT_TIMESTAMP, CURRENT_TIMESTAMP);

-- Board 데이터 삽입
INSERT INTO board (board_id, pub_id, member_id, content, is_deleted, created_at, updated_at)
VALUES (X'723E4567E89B12D3A456426614174007', X'423E4567E89B12D3A456426614174004', X'123E4567E89B12D3A456426614174001',
        'This is a content for board 1', FALSE, CURRENT_TIMESTAMP, CURRENT_TIMESTAMP),
       (X'823E4567E89B12D3A456426614174008', X'523E4567E89B12D3A456426614174005', X'223E4567E89B12D3A456426614174002',
        'This is a content for board 2', FALSE, CURRENT_TIMESTAMP, CURRENT_TIMESTAMP),
       (X'923E4567E89B12D3A456426614174009', X'623E4567E89B12D3A456426614174006', X'323E4567E89B12D3A456426614174003',
        'This is a content for board 3', TRUE, CURRENT_TIMESTAMP, CURRENT_TIMESTAMP);

-- Chat 데이터 삽입
INSERT INTO chat (chat_id, member_id, pub_id, message, created_at)
VALUES (X'A23E4567E89B12D3A45642661417400A', X'123E4567E89B12D3A456426614174001', X'423E4567E89B12D3A456426614174004',
        'Hello from member 1 in pub 1', CURRENT_TIMESTAMP),
       (X'B23E4567E89B12D3A45642661417400B', X'223E4567E89B12D3A456426614174002', X'523E4567E89B12D3A456426614174005',
        'Hello from member 2 in pub 2', CURRENT_TIMESTAMP),
       (X'C23E4567E89B12D3A45642661417400C', X'323E4567E89B12D3A456426614174003', X'623E4567E89B12D3A456426614174006',
        'Hello from member 3 in pub 3', CURRENT_TIMESTAMP);

-- Comment 데이터 삽입
INSERT INTO comment (comment_id, parent_comment_id, board_id, member_id, content, is_deleted, created_at, updated_at)
VALUES (X'D23E4567E89B12D3A45642661417400D', NULL, X'723E4567E89B12D3A456426614174007',
        X'123E4567E89B12D3A456426614174001', 'This is a comment for board 1', FALSE, CURRENT_TIMESTAMP,
        CURRENT_TIMESTAMP),
       (X'E23E4567E89B12D3A45642661417400E', X'D23E4567E89B12D3A45642661417400D', X'823E4567E89B12D3A456426614174008',
        X'223E4567E89B12D3A456426614174002', 'This is a reply to comment 1', FALSE, CURRENT_TIMESTAMP,
        CURRENT_TIMESTAMP),
       (X'F23E4567E89B12D3A45642661417400F', NULL, X'923E4567E89B12D3A456426614174009',
        X'323E4567E89B12D3A456426614174003', 'This is another comment for board 3', TRUE, CURRENT_TIMESTAMP,
        CURRENT_TIMESTAMP);
